"年月","產業別","企業產業貸款總家數","企業產業貸款總金額[仟元]","企業產業貸款平均金額[仟元]"
201205,"01民生必需品製造業",6710,528201133,78718.50
201205,"02金屬製造業",7986,745221710,93316.02
201205,"03非金屬製造業",6548,1897008931,289708.14
201205,"04紙印刷業",2091,100503656,48064.88
201205,"05器械業",10073,610349995,60592.67
201205,"06批發業",36563,961577803,26299.20
201205,"07零售業",7688,326673653,42491.37
201205,"08電子製造業",3694,1876580724,508007.78
201205,"09服務業",16079,3082460335,191707.22
201205,"10營建業",15773,1850186387,117300.86
201205,"11投資業",1311,446640371,340686.78
201205,"12金融保險業",725,340990964,470332.36
201205,"13其他",186,200111373,1075867.60
201206,"01民生必需品製造業",6677,542314980,81221.35
201206,"02金屬製造業",8067,740482655,91791.58
201206,"03非金屬製造業",6591,1886907096,286285.40
201206,"04紙印刷業",2120,87576805,41309.81
201206,"05器械業",10065,608595816,60466.55
201206,"06批發業",36632,953979643,26042.25
201206,"07零售業",7422,331207813,44625.14
201206,"08電子製造業",3664,1773591308,484058.76
201206,"09服務業",16057,2890243375,179998.96
201206,"10營建業",16176,1924913066,118998.09
201206,"11投資業",1543,503683845,326431.53
201206,"12金融保險業",566,326648097,577116.78
201206,"13其他",187,196720984,1051983.87
201207,"01民生必需品製造業",6670,527942446,79151.79
201207,"02金屬製造業",8027,739029985,92068.02
201207,"03非金屬製造業",6589,1879795066,285292.92
201207,"04紙印刷業",2107,86492629,41050.13
201207,"05器械業",10064,604621783,60077.68
201207,"06批發業",36676,968756859,26413.92
201207,"07零售業",7415,325877702,43948.44
201207,"08電子製造業",3654,1779992381,487135.30
201207,"09服務業",16098,2964867928,184176.17
201207,"10營建業",16262,1941198754,119370.23
201207,"11投資業",1532,500742081,326855.14
201207,"12金融保險業",570,306011375,536862.06
201207,"13其他",184,196181950,1066206.25
201208,"01民生必需品製造業",6678,520098721,77882.41
201208,"02金屬製造業",8041,733088286,91168.80
201208,"03非金屬製造業",6593,1915704907,290566.50
201208,"04紙印刷業",2109,87308883,41398.24
201208,"05器械業",10053,607139972,60393.91
201208,"06批發業",36706,981384533,26736.35
201208,"07零售業",7455,327050074,43869.90
201208,"08電子製造業",3651,1786920465,489433.16
201208,"09服務業",16199,2937345158,181328.80
201208,"10營建業",16354,1951836841,119349.20
201208,"11投資業",1523,495884442,325597.14
201208,"12金融保險業",567,280909936,495431.99
201208,"13其他",188,182757118,972112.33
201209,"01民生必需品製造業",6692,544121139,81309.20
201209,"02金屬製造業",8071,727236514,90104.88
201209,"03非金屬製造業",6590,1901286179,288510.80
201209,"04紙印刷業",2116,87688876,41440.87
201209,"05器械業",10068,611658323,60752.71
201209,"06批發業",36777,979339598,26629.13
201209,"07零售業",7501,340409359,45381.86
201209,"08電子製造業",3658,1766272918,482852.08
201209,"09服務業",16339,2930864486,179378.45
201209,"10營建業",16395,1958740618,119471.83
201209,"11投資業",1528,498278972,326098.80
201209,"12金融保險業",572,292643122,511613.85
201209,"13其他",185,182231331,985034.22
201210,"01民生必需品製造業",6721,544031614,80945.04
201210,"02金屬製造業",8089,730235650,90275.15
201210,"03非金屬製造業",6598,1874065918,284035.45
201210,"04紙印刷業",2116,88102260,41636.23
201210,"05器械業",10080,614974570,61009.38
201210,"06批發業",36864,983072433,26667.55
201210,"07零售業",7485,334446475,44682.23
201210,"08電子製造業",3654,1801804941,493104.80
201210,"09服務業",16443,2946298712,179182.55
201210,"10營建業",16475,1980265255,120198.19
201210,"11投資業",1529,499251117,326521.33
201210,"12金融保險業",575,278076914,483612.02
201210,"13其他",187,181543464,970820.66
201211,"01民生必需品製造業",6728,525940069,78171.83
201211,"02金屬製造業",8126,729286049,89747.24
201211,"03非金屬製造業",6608,1873894998,283579.75
201211,"04紙印刷業",2108,88268755,41873.22
201211,"05器械業",10102,616409502,61018.56
201211,"06批發業",36979,990643236,26789.35
201211,"07零售業",7492,338611932,45196.47
201211,"08電子製造業",3650,1747604130,478795.65
201211,"09服務業",16556,2869978654,173349.76
201211,"10營建業",16581,2008782677,121149.67
201211,"11投資業",1540,506250279,328733.95
201211,"12金融保險業",589,277677093,471438.19
201211,"13其他",191,182199273,953922.90
201212,"01民生必需品製造業",6836,545737735,79832.90
201212,"02金屬製造業",8203,734319134,89518.36
201212,"03非金屬製造業",6690,1877885815,280700.42
201212,"04紙印刷業",2121,89362275,42132.14
201212,"05器械業",10178,623354423,61245.28
201212,"06批發業",37410,994196680,26575.69
201212,"07零售業",7584,333485379,43972.23
201212,"08電子製造業",3684,1719843684,466841.39
201212,"09服務業",16762,3004360249,179236.38
201212,"10營建業",16799,2032238545,120973.78
201212,"11投資業",1594,515075515,323133.95
201212,"12金融保險業",599,296249411,494573.31
201212,"13其他",186,177653432,955125.98
201301,"01民生必需品製造業",6713,507929353,75663.54
201301,"02金屬製造業",8289,715023965,86261.79
201301,"03非金屬製造業",6657,1854615261,278596.25
201301,"04紙印刷業",2135,88482703,41443.89
201301,"05器械業",10054,636023897,63260.78
201301,"06批發業",37120,1002340971,27002.72
201301,"07零售業",7461,345494083,46306.67
201301,"08電子製造業",3645,1672973616,458977.67
201301,"09服務業",16728,3185676468,190439.77
201301,"10營建業",16989,2000121866,117730.41
201301,"11投資業",1597,515883323,323032.76
201301,"12金融保險業",574,260093856,453125.18
201301,"13其他",176,171945496,976963.05
201302,"01民生必需品製造業",6715,511056382,76106.68
201302,"02金屬製造業",8282,716109684,86465.79
201302,"03非金屬製造業",6634,1887877359,284576.03
201302,"04紙印刷業",2136,89974846,42123.06
201302,"05器械業",10068,639543645,63522.41
201302,"06批發業",37127,1001159586,26965.81
201302,"07零售業",7466,346721980,46440.13
201302,"08電子製造業",3634,1682282616,462928.62
201302,"09服務業",16792,3214565918,191434.37
201302,"10營建業",17031,2011072042,118083.03
201302,"11投資業",1597,517293352,323915.69
201302,"12金融保險業",569,223217413,392297.74
201302,"13其他",176,172465033,979914.96
201303,"01民生必需品製造業",6711,507819230,75669.68
201303,"02金屬製造業",8313,724671510,87173.28
201303,"03非金屬製造業",6649,1867224334,280827.84
201303,"04紙印刷業",2137,90303918,42257.33
201303,"05器械業",10051,636357105,63312.82
201303,"06批發業",37270,996209319,26729.52
201303,"07零售業",7476,346248537,46314.68
201303,"08電子製造業",3614,1688477315,467204.57
201303,"09服務業",16830,3273990903,194533.03
201303,"10營建業",17154,2029528532,118312.26
201303,"11投資業",1613,520287551,322558.93
201303,"12金融保險業",568,226953024,399565.18
201303,"13其他",177,170256381,961900.46
201304,"01民生必需品製造業",6723,507229641,75446.92
201304,"02金屬製造業",8310,724528323,87187.52
201304,"03非金屬製造業",6633,1850935978,279049.60
201304,"04紙印刷業",2126,89951832,42310.36
201304,"05器械業",10092,635500224,62970.69
201304,"06批發業",37386,998246828,26701.09
201304,"07零售業",7480,343899235,45975.83
201304,"08電子製造業",3624,1654367749,456503.24
201304,"09服務業",16921,3223211964,190485.90
201304,"10營建業",17228,2043560481,118618.56
201304,"11投資業",1645,523131219,318012.90
201304,"12金融保險業",577,226895117,393232.44
201304,"13其他",189,170118879,900099.89
201305,"01民生必需品製造業",6735,510521205,75801.22
201305,"02金屬製造業",8333,729584165,87553.60
201305,"03非金屬製造業",6688,1846720343,276124.45
201305,"04紙印刷業",2125,91099620,42870.41
201305,"05器械業",10127,639030944,63101.70
201305,"06批發業",37590,1017411325,27066.01
201305,"07零售業",7474,345200566,46186.86
201305,"08電子製造業",3616,1632969960,451595.67
201305,"09服務業",16987,3072257867,180859.36
201305,"10營建業",17350,2063519483,118934.84
201305,"11投資業",1682,530114006,315168.85
201305,"12金融保險業",582,230819038,396596.29
201305,"13其他",194,167871528,865317.15
201306,"01民生必需品製造業",6748,513201088,76052.32
201306,"02金屬製造業",8344,729148988,87386.02
201306,"03非金屬製造業",6712,1890848129,281711.58
201306,"04紙印刷業",2127,92402232,43442.52
201306,"05器械業",10140,636121172,62733.84
201306,"06批發業",37829,1028275817,27182.21
201306,"07零售業",7529,349581143,46431.28
201306,"08電子製造業",3623,1635618656,451454.22
201306,"09服務業",17147,3053612290,178084.35
201306,"10營建業",17498,2087658852,119308.43
201306,"11投資業",1706,538201311,315475.56
201306,"12金融保險業",580,250191412,431364.50
201306,"13其他",191,161480732,845448.86
201307,"01民生必需品製造業",6732,510332963,75807.04
201307,"02金屬製造業",8340,720146052,86348.45
201307,"03非金屬製造業",6699,1892133982,282450.21
201307,"04紙印刷業",2126,92979128,43734.30
201307,"05器械業",10104,640433605,63384.17
201307,"06批發業",37878,1041705890,27501.61
201307,"07零售業",7521,352162087,46823.84
201307,"08電子製造業",3624,1638785254,452203.44
201307,"09服務業",17208,3124559777,181576.00
201307,"10營建業",17558,2118968555,120683.94
201307,"11投資業",1713,531507641,310278.83
201307,"12金融保險業",593,250797484,422929.99
201307,"13其他",188,163415154,869229.54
201308,"01民生必需品製造業",6740,518819685,76976.21
201308,"02金屬製造業",8355,718894989,86043.69
201308,"03非金屬製造業",6697,1882342513,281072.50
201308,"04紙印刷業",2127,94737090,44540.24
201308,"05器械業",10121,648806565,64104.99
201308,"06批發業",37971,1063489198,28007.93
201308,"07零售業",7577,351004497,46325.00
201308,"08電子製造業",3612,1612829209,446519.71
201308,"09服務業",17295,3110060486,179824.25
201308,"10營建業",17690,2121043745,119900.72
201308,"11投資業",1713,525077415,306525.05
201308,"12金融保險業",588,245098819,416834.73
201308,"13其他",188,162621401,865007.45
201309,"01民生必需品製造業",6750,524752185,77741.06
201309,"02金屬製造業",8361,718291492,85909.76
201309,"03非金屬製造業",6727,1914532177,284604.16
201309,"04紙印刷業",2124,94746259,44607.47
201309,"05器械業",10153,654917045,64504.78
201309,"06批發業",38114,1068718714,28040.06
201309,"07零售業",7571,355924350,47011.54
201309,"08電子製造業",3609,1638408004,453978.39
201309,"09服務業",17415,3070648792,176322.07
201309,"10營建業",17811,2141849317,120254.30
201309,"11投資業",1708,537963439,314966.88
201309,"12金融保險業",606,246745653,407171.04
201309,"13其他",190,162730537,856476.51
201310,"01民生必需品製造業",6764,524422668,77531.44
201310,"02金屬製造業",8393,717497446,85487.60
201310,"03非金屬製造業",6736,1887895573,280269.53
201310,"04紙印刷業",2127,95840700,45059.10
201310,"05器械業",10208,667268431,65367.21
201310,"06批發業",38354,1079340704,28141.54
201310,"07零售業",7624,351738869,46135.74
201310,"08電子製造業",3622,1651809041,456048.88
201310,"09服務業",17499,3016201198,172364.20
201310,"10營建業",17908,2161268114,120687.30
201310,"11投資業",1714,537932020,313845.99
201310,"12金融保險業",603,246199929,408291.76
201310,"13其他",197,161750594,821069.01
201311,"01民生必需品製造業",6781,527853110,77842.96
201311,"02金屬製造業",8422,721535739,85672.73
201311,"03非金屬製造業",6763,1877844994,277664.50
201311,"04紙印刷業",2129,96588360,45367.95
201311,"05器械業",10221,669216582,65474.67
201311,"06批發業",38510,1085373498,28184.20
201311,"07零售業",7660,350316915,45733.28
201311,"08電子製造業",3620,1657317906,457822.63
201311,"09服務業",17577,3022304735,171946.56
201311,"10營建業",17995,2171160641,120653.55
201311,"11投資業",1743,530671788,304458.86
201311,"12金融保險業",617,246595529,399668.60
201311,"13其他",194,158577508,817409.84
201312,"01民生必需品製造業",6856,528653977,77108.22
201312,"02金屬製造業",8479,730298034,86130.21
201312,"03非金屬製造業",6790,1867723759,275069.77
201312,"04紙印刷業",2145,97269128,45346.91
201312,"05器械業",10271,676544238,65869.36
201312,"06批發業",38797,1080944304,27861.54
201312,"07零售業",7682,342149377,44539.10
201312,"08電子製造業",3617,1656835138,458068.88
201312,"09服務業",17676,3018499721,170768.26
201312,"10營建業",18226,2193794166,120366.19
201312,"11投資業",1778,546094876,307139.98
201312,"12金融保險業",628,246724016,392872.64
201312,"13其他",189,154201751,815882.28
201401,"01民生必需品製造業",6752,533048455,78946.75
201401,"02金屬製造業",8536,718393245,84160.41
201401,"03非金屬製造業",6723,1855467125,275987.97
201401,"04紙印刷業",2057,98639164,47952.92
201401,"05器械業",10146,683072702,67324.33
201401,"06批發業",38224,1109944282,29037.89
201401,"07零售業",7622,343414689,45055.72
201401,"08電子製造業",3558,1674159211,470533.79
201401,"09服務業",18506,3170863384,171342.45
201401,"10營建業",18166,2193971978,120773.53
201401,"11投資業",1738,542559878,312174.84
201401,"12金融保險業",639,249587852,390591.32
201401,"13其他",187,154336363,825328.14
201402,"01民生必需品製造業",6743,525779253,77974.08
201402,"02金屬製造業",8531,711068110,83351.09
201402,"03非金屬製造業",6684,1858963790,278121.45
201402,"04紙印刷業",2047,99532722,48623.70
201402,"05器械業",10139,685455379,67605.82
201402,"06批發業",38111,1110435725,29136.88
201402,"07零售業",7652,342560562,44767.45
201402,"08電子製造業",3539,1660850607,469299.41
201402,"09服務業",18534,3171876283,171138.25
201402,"10營建業",18194,2213114045,121639.77
201402,"11投資業",1738,544768767,313445.78
201402,"12金融保險業",653,247620977,379205.17
201402,"13其他",191,153675680,804584.71
201403,"01民生必需品製造業",6750,526714276,78031.74
201403,"02金屬製造業",8537,713906620,83625.00
201403,"03非金屬製造業",6713,1833109663,273068.62
201403,"04紙印刷業",2044,99044339,48456.13
201403,"05器械業",10145,676123146,66645.95
201403,"06批發業",38293,1126366086,29414.41
201403,"07零售業",7639,345548082,45234.73
201403,"08電子製造業",3520,1592698856,452471.27
201403,"09服務業",18706,3242548195,173342.68
201403,"10營建業",18306,2241055738,122421.92
201403,"11投資業",1754,551294910,314307.25
201403,"12金融保險業",662,255386714,385780.53
201403,"13其他",197,153848167,780955.16
201404,"01民生必需品製造業",6768,531591567,78544.85
201404,"02金屬製造業",8569,718188645,83812.42
201404,"03非金屬製造業",6724,1815719359,270035.60
201404,"04紙印刷業",2047,99774832,48741.98
201404,"05器械業",10177,679618366,66779.83
201404,"06批發業",38430,1140906766,29687.92
201404,"07零售業",7678,346065340,45072.33
201404,"08電子製造業",3514,1629612291,463748.52
201404,"09服務業",18856,3285391868,174235.89
201404,"10營建業",18476,2252163698,121896.71
201404,"11投資業",1756,548913061,312592.86
201404,"12金融保險業",670,263866212,393830.17
201404,"13其他",201,155071781,771501.40
201405,"01民生必需品製造業",6794,533046391,78458.40
201405,"02金屬製造業",8589,726554379,84591.27
201405,"03非金屬製造業",6737,1817341571,269755.32
201405,"04紙印刷業",2059,99654210,48399.32
201405,"05器械業",10168,681352050,67009.45
201405,"06批發業",38657,1150812027,29769.82
201405,"07零售業",7705,348572394,45239.77
201405,"08電子製造業",3520,1613142581,458279.14
201405,"09服務業",19075,3179001408,166658.00
201405,"10營建業",18608,2263548094,121643.81
201405,"11投資業",1785,552523287,309536.86
201405,"12金融保險業",686,268053997,390749.27
201405,"13其他",205,152542481,744109.66
201406,"01民生必需品製造業",6831,545710694,79887.38
201406,"02金屬製造業",8630,732669640,84897.99
201406,"03非金屬製造業",6777,1806932449,266627.19
201406,"04紙印刷業",2059,100308588,48717.14
201406,"05器械業",10233,689478065,67377.90
201406,"06批發業",38983,1159096736,29733.39
201406,"07零售業",7770,347351408,44704.17
201406,"08電子製造業",3522,1575048483,447202.86
201406,"09服務業",19269,3047116753,158135.70
201406,"10營建業",18755,2275314364,121317.75
201406,"11投資業",1801,558228437,309954.71
201406,"12金融保險業",690,286674586,415470.41
201406,"13其他",204,144406853,707876.73
201407,"01民生必需品製造業",6839,541570317,79188.52
201407,"02金屬製造業",8638,729808152,84488.09
201407,"03非金屬製造業",6777,1833640210,270568.13
201407,"04紙印刷業",2046,100365239,49054.37
201407,"05器械業",10223,701135567,68584.13
201407,"06批發業",39087,1181023567,30215.25
201407,"07零售業",7769,347265291,44698.84
201407,"08電子製造業",3508,1639218955,467280.20
201407,"09服務業",19469,3070781060,157726.70
201407,"10營建業",18832,2281119308,121129.95
201407,"11投資業",1801,548152252,304359.94
201407,"12金融保險業",691,260953519,377646.19
201407,"13其他",200,144966532,724832.66
201408,"01民生必需品製造業",6856,542202579,79084.39
201408,"02金屬製造業",8661,727370259,83982.25
201408,"03非金屬製造業",6780,1863576588,274863.80
201408,"04紙印刷業",2045,100972389,49375.25
201408,"05器械業",10232,717252334,70098.94
201408,"06批發業",39179,1193573275,30464.62
201408,"07零售業",7797,352195333,45170.62
201408,"08電子製造業",3520,1636149168,464815.10
201408,"09服務業",19639,3023727130,153965.43
201408,"10營建業",18917,2311129500,122172.09
201408,"11投資業",1787,542255059,303444.35
201408,"12金融保險業",701,261802537,373470.10
201408,"13其他",197,143922376,730570.44
201409,"01民生必需品製造業",6890,549970120,79821.50
201409,"02金屬製造業",8699,739502875,85010.10
201409,"03非金屬製造業",6776,1862210308,274824.43
201409,"04紙印刷業",2042,101970914,49936.78
201409,"05器械業",10218,726475998,71097.67
201409,"06批發業",39381,1202101002,30524.90
201409,"07零售業",7792,354211901,45458.41
201409,"08電子製造業",3523,1574140195,446818.11
201409,"09服務業",19920,3116849083,156468.33
201409,"10營建業",19017,2327083991,122368.62
201409,"11投資業",1809,543173488,300261.74
201409,"12金融保險業",698,249145111,356941.42
201409,"13其他",199,137612305,691519.12
201410,"01民生必需品製造業",6892,543539218,78865.24
201410,"02金屬製造業",8713,728664368,83629.56
201410,"03非金屬製造業",6753,1822824682,269928.13
201410,"04紙印刷業",2052,101345747,49388.77
201410,"05器械業",10212,737713108,72239.83
201410,"06批發業",39369,1212758593,30804.91
201410,"07零售業",7797,354798390,45504.47
201410,"08電子製造業",3520,1619429633,460065.24
201410,"09服務業",20217,3070825803,151893.25
201410,"10營建業",19109,2346816686,122812.11
201410,"11投資業",1811,549836485,303609.32
201410,"12金融保險業",682,237318459,347974.28
201410,"13其他",208,135625310,652044.76
201411,"01民生必需品製造業",6876,541880514,78807.52
201411,"02金屬製造業",8727,731665797,83839.33
201411,"03非金屬製造業",6761,1796843909,265766.00
201411,"04紙印刷業",2050,102112556,49811.00
201411,"05器械業",10240,750651800,73305.84
201411,"06批發業",39552,1226022951,30997.75
201411,"07零售業",7866,351262751,44655.83
201411,"08電子製造業",3501,1608208970,459357.03
201411,"09服務業",20427,3024522718,148064.95
201411,"10營建業",19168,2363750605,123317.54
201411,"11投資業",1845,552119949,299252.00
201411,"12金融保險業",694,238749459,344019.39
201411,"13其他",203,133565759,657959.40
201412,"01民生必需品製造業",6936,552010006,79586.22
201412,"02金屬製造業",8864,751528437,84784.35
201412,"03非金屬製造業",6842,1740455651,254378.20
201412,"04紙印刷業",2060,104953664,50948.38
201412,"05器械業",10275,746318877,72634.44
201412,"06批發業",39883,1226287001,30747.11
201412,"07零售業",7874,346135520,43959.30
201412,"08電子製造業",3509,1579627270,450164.51
201412,"09服務業",20764,3067302407,147722.13
201412,"10營建業",19336,2381072769,123141.95
201412,"11投資業",1902,561812497,295379.86
201412,"12金融保險業",716,256495912,358234.51
201412,"13其他",198,136272692,688245.92
201501,"01民生必需品製造業",6873,549882539,80006.19
201501,"02金屬製造業",8799,730245416,82991.86
201501,"03非金屬製造業",6762,1707881405,252570.45
201501,"04紙印刷業",2035,104103548,51156.53
201501,"05器械業",10199,731987737,71770.54
201501,"06批發業",39906,1219266859,30553.47
201501,"07零售業",7846,343274876,43751.58
201501,"08電子製造業",3491,1567071400,448888.97
201501,"09服務業",20796,3067040284,147482.22
201501,"10營建業",19334,2374038818,122790.88
201501,"11投資業",1926,569261221,295566.57
201501,"12金融保險業",678,244303751,360330.02
201501,"13其他",193,129467818,670817.71
201502,"01民生必需品製造業",6868,552508069,80446.72
201502,"02金屬製造業",8846,735819392,83181.03
201502,"03非金屬製造業",6765,1707067770,252338.18
201502,"04紙印刷業",2021,105788637,52344.70
201502,"05器械業",10216,739988908,72434.31
201502,"06批發業",39938,1230284204,30804.85
201502,"07零售業",7855,345423974,43975.04
201502,"08電子製造業",3490,1547792696,443493.61
201502,"09服務業",20950,3186777428,152113.48
201502,"10營建業",19390,2395930686,123565.28
201502,"11投資業",1939,571083136,294524.57
201502,"12金融保險業",683,244219038,357568.14
201502,"13其他",193,134130398,694976.16
201503,"01民生必需品製造業",6917,590847253,85419.58
201503,"02金屬製造業",8841,738944392,83581.54
201503,"03非金屬製造業",6756,1691781786,250411.75
201503,"04紙印刷業",2025,105602308,52149.29
201503,"05器械業",10263,738373633,71945.20
201503,"06批發業",39905,1217907040,30520.16
201503,"07零售業",7873,344823383,43798.22
201503,"08電子製造業",3481,1488054434,427479.01
201503,"09服務業",21266,3229920244,151881.89
201503,"10營建業",19456,2408923496,123813.91
201503,"11投資業",1957,578504512,295607.82
201503,"12金融保險業",701,259889061,370740.46
201503,"13其他",204,133105634,652478.60
201504,"01民生必需品製造業",6914,567703263,82109.24
201504,"02金屬製造業",8842,729051824,82453.27
201504,"03非金屬製造業",6783,1669032645,246061.13
201504,"04紙印刷業",2019,104513421,51764.94
201504,"05器械業",10200,746663063,73202.26
201504,"06批發業",40088,1223386316,30517.52
201504,"07零售業",7928,348105440,43908.36
201504,"08電子製造業",3477,1464421144,421173.75
201504,"09服務業",21519,3202973592,148843.98
201504,"10營建業",19502,2415016407,123834.29
201504,"11投資業",1981,587611542,296623.70
201504,"12金融保險業",709,252838233,356612.46
201504,"13其他",205,133819868,652779.84
201505,"01民生必需品製造業",6909,569679625,82454.71
201505,"02金屬製造業",8852,726785154,82104.06
201505,"03非金屬製造業",6791,1663370031,244937.42
201505,"04紙印刷業",2034,107373118,52789.14
201505,"05器械業",10226,759158553,74238.07
201505,"06批發業",40322,1244285827,30858.73
201505,"07零售業",7972,352042322,44159.85
201505,"08電子製造業",3493,1461882532,418517.76
201505,"09服務業",21751,3068359475,141067.51
201505,"10營建業",19592,2438194869,124448.49
201505,"11投資業",2036,599917779,294655.10
201505,"12金融保險業",719,254047662,353334.72
201505,"13其他",204,145457172,713025.35
201506,"01民生必需品製造業",6931,603095076,87014.15
201506,"02金屬製造業",8894,719354675,80880.89
201506,"03非金屬製造業",6759,1638359272,242396.70
201506,"04紙印刷業",2030,110275950,54323.13
201506,"05器械業",10288,753758391,73265.78
201506,"06批發業",40480,1246726215,30798.57
201506,"07零售業",8064,359267988,44552.08
201506,"08電子製造業",3496,1426260127,407969.14
201506,"09服務業",21982,2904996928,132153.44
201506,"10營建業",19664,2470824042,125652.16
201506,"11投資業",2065,602743328,291885.39
201506,"12金融保險業",737,266718905,361898.11
201506,"13其他",203,138787674,683683.12
201507,"01民生必需品製造業",6924,578735713,83584.01
201507,"02金屬製造業",8886,705393041,79382.52
201507,"03非金屬製造業",6768,1621616672,239600.57
201507,"04紙印刷業",2030,107707342,53057.80
201507,"05器械業",10259,759549262,74037.36
201507,"06批發業",40607,1266852911,31197.89
201507,"07零售業",8098,351550830,43412.06
201507,"08電子製造業",3478,1449980040,416900.53
201507,"09服務業",22179,3038391082,136994.05
201507,"10營建業",19676,2483365426,126212.92
201507,"11投資業",2064,589066337,285400.36
201507,"12金融保險業",743,257373401,346397.58
201507,"13其他",197,137681562,698891.18
201508,"01民生必需品製造業",6921,581983523,84089.51
201508,"02金屬製造業",8913,719027740,80671.80
201508,"03非金屬製造業",6783,1643444551,242288.74
201508,"04紙印刷業",2032,108498981,53395.17
201508,"05器械業",10251,770740976,75186.91
201508,"06批發業",40533,1284991205,31702.35
201508,"07零售業",8080,350028303,43320.33
201508,"08電子製造業",3456,1466040474,424201.53
201508,"09服務業",22427,3025438845,134901.63
201508,"10營建業",19683,2490114554,126510.93
201508,"11投資業",2055,580359437,282413.35
201508,"12金融保險業",738,264903788,358948.22
201508,"13其他",192,133123093,693349.44
201509,"01民生必需品製造業",6943,615327375,88625.58
201509,"02金屬製造業",8912,713285524,80036.53
201509,"03非金屬製造業",6802,1640862278,241232.33
201509,"04紙印刷業",2033,108650751,53443.56
201509,"05器械業",10267,775196639,75503.71
201509,"06批發業",40589,1289012960,31757.69
201509,"07零售業",8124,356765503,43915.01
201509,"08電子製造業",3440,1506124931,437827.01
201509,"09服務業",22634,3080811804,136114.33
201509,"10營建業",19759,2509367192,126998.69
201509,"11投資業",2046,578669041,282829.44
201509,"12金融保險業",749,288372271,385009.71
201509,"13其他",199,125645832,631386.09
201510,"01民生必需品製造業",6961,591646958,84994.53
201510,"02金屬製造業",8925,708332409,79364.98
201510,"03非金屬製造業",6777,1597144297,235671.28
201510,"04紙印刷業",2021,109677493,54268.92
201510,"05器械業",10255,775714187,75642.53
201510,"06批發業",40634,1280777485,31519.85
201510,"07零售業",8173,356256080,43589.39
201510,"08電子製造業",3444,1554497787,451364.05
201510,"09服務業",22835,3029034381,132648.76
201510,"10營建業",19789,2509695062,126822.73
201510,"11投資業",2048,585186958,285735.82
201510,"12金融保險業",739,262793482,355606.88
201510,"13其他",201,126108059,627403.28
201511,"01民生必需品製造業",7002,592685393,84645.16
201511,"02金屬製造業",8948,707295563,79045.10
201511,"03非金屬製造業",6742,1590479272,235906.15
201511,"04紙印刷業",2011,110111861,54754.78
201511,"05器械業",10312,778574499,75501.79
201511,"06批發業",40653,1293261424,31812.20
201511,"07零售業",8246,356812360,43270.96
201511,"08電子製造業",3424,1524164734,445141.57
201511,"09服務業",23016,3061198066,133003.04
201511,"10營建業",19825,2510415000,126628.75
201511,"11投資業",2068,601442177,290832.77
201511,"12金融保險業",757,264045719,348805.44
201511,"13其他",198,121473899,613504.54
201512,"01民生必需品製造業",7082,609764432,86100.60
201512,"02金屬製造業",9071,725194405,79946.47
201512,"03非金屬製造業",6826,1576787964,230997.36
201512,"04紙印刷業",1996,111291837,55757.43
201512,"05器械業",10361,770362445,74352.13
201512,"06批發業",40856,1286609166,31491.32
201512,"07零售業",8250,354103104,42921.59
201512,"08電子製造業",3432,1494013523,435318.63
201512,"09服務業",23212,3082153240,132782.75
201512,"10營建業",19938,2497718377,125274.27
201512,"11投資業",2119,619161649,292195.21
201512,"12金融保險業",769,260546947,338812.67
201512,"13其他",191,119874624,627615.83
201601,"01民生必需品製造業",7002,605347871,86453.57
201601,"02金屬製造業",8957,709712496,79235.51
201601,"03非金屬製造業",6779,1548733157,228460.42
201601,"04紙印刷業",1995,111693137,55986.53
201601,"05器械業",10236,771406405,75362.10
201601,"06批發業",40660,1280450222,31491.64
201601,"07零售業",8119,349897974,43096.19
201601,"08電子製造業",3418,1485367894,434572.23
201601,"09服務業",23192,3103804717,133830.83
201601,"10營建業",19897,2476473243,124464.66
201601,"11投資業",2160,638974804,295821.67
201601,"12金融保險業",737,266076201,361026.05
201601,"13其他",197,119359211,605884.32
201602,"01民生必需品製造業",6988,600137845,85881.20
201602,"02金屬製造業",8924,709076215,79457.22
201602,"03非金屬製造業",6748,1538561207,228002.55
201602,"04紙印刷業",1995,115137963,57713.26
201602,"05器械業",10209,775900102,76001.58
201602,"06批發業",40582,1281412315,31575.88
201602,"07零售業",8134,346968113,42656.52
201602,"08電子製造業",3429,1513768994,441460.77
201602,"09服務業",23245,3145101336,135302.27
201602,"10營建業",19897,2485986449,124942.78
201602,"11投資業",2183,642724954,294422.79
201602,"12金融保險業",726,254889471,351087.43
201602,"13其他",190,119709761,630051.37
201603,"01民生必需品製造業",6996,618556290,88415.71
201603,"02金屬製造業",8959,704456098,78631.11
201603,"03非金屬製造業",6784,1540778689,227119.50
201603,"04紙印刷業",2000,115289207,57644.60
201603,"05器械業",10222,783270558,76625.96
201603,"06批發業",40748,1262874447,30992.31
201603,"07零售業",8108,351519405,43354.64
201603,"08電子製造業",3418,1512937818,442638.33
201603,"09服務業",23393,3222726652,137764.57
201603,"10營建業",19912,2517054267,126408.91
201603,"11投資業",2215,646523114,291884.02
201603,"12金融保險業",737,273460673,371045.69
201603,"13其他",189,120149492,635711.60
201604,"01民生必需品製造業",6994,592684648,84741.87
201604,"02金屬製造業",8983,705581464,78546.31
201604,"03非金屬製造業",6774,1523716755,224936.04
201604,"04紙印刷業",1969,116351142,59091.49
201604,"05器械業",10223,789578757,77235.52
201604,"06批發業",40793,1265577459,31024.38
201604,"07零售業",8159,349363020,42819.34
201604,"08電子製造業",3388,1452793977,428805.78
201604,"09服務業",23461,3223608035,137402.84
201604,"10營建業",19952,2523847996,126495.99
201604,"11投資業",2220,653571192,294401.44
201604,"12金融保險業",731,261697455,357999.25
201604,"13其他",188,116845313,621517.62
201605,"01民生必需品製造業",6957,597616619,85901.48
201605,"02金屬製造業",8979,707383219,78781.96
201605,"03非金屬製造業",6803,1517819705,223110.35
201605,"04紙印刷業",1971,116637881,59177.01
201605,"05器械業",10202,795830145,78007.27
201605,"06批發業",40887,1283847610,31399.90
201605,"07零售業",8194,351268393,42868.98
201605,"08電子製造業",3414,1478735663,433138.74
201605,"09服務業",23549,3045614901,129330.97
201605,"10營建業",20073,2537824462,126429.75
201605,"11投資業",2261,665416149,294301.70
201605,"12金融保險業",745,261186002,350585.24
201605,"13其他",194,113300228,584021.79
201606,"01民生必需品製造業",7001,637242501,91021.64
201606,"02金屬製造業",9049,703496434,77743.00
201606,"03非金屬製造業",6812,1528409739,224370.19
201606,"04紙印刷業",1969,118075221,59967.10
201606,"05器械業",10302,798965621,77554.42
201606,"06批發業",41104,1281355096,31173.49
201606,"07零售業",8217,358068235,43576.52
201606,"08電子製造業",3426,1520012236,443669.65
201606,"09服務業",23685,2918131330,123205.88
201606,"10營建業",20148,2547255045,126427.19
201606,"11投資業",2277,691580695,303724.50
201606,"12金融保險業",745,274849615,368925.66
201606,"13其他",199,111070444,558142.93
201607,"01民生必需品製造業",6981,607543989,87028.22
201607,"02金屬製造業",9085,694108787,76401.63
201607,"03非金屬製造業",6789,1513970364,223003.44
201607,"04紙印刷業",1889,115846729,61327.01
201607,"05器械業",10195,806958885,79152.42
201607,"06批發業",40954,1300464091,31754.26
201607,"07零售業",8493,356578102,41984.94
201607,"08電子製造業",3429,1528917676,445878.59
201607,"09服務業",23744,3107206256,130862.80
201607,"10營建業",20122,2444921561,121504.90
201607,"11投資業",15,45589079,3039271.93
201607,"12金融保險業",2961,899633267,303827.51
201607,"13其他",228,69303277,303961.74
201608,"01民生必需品製造業",6990,617978954,88409.01
201608,"02金屬製造業",9099,702345505,77189.31
201608,"03非金屬製造業",6779,1524663219,224909.75
201608,"04紙印刷業",1902,116358761,61177.06
201608,"05器械業",10217,819566576,80215.97
201608,"06批發業",41063,1315197629,32028.78
201608,"07零售業",8510,359109370,42198.52
201608,"08電子製造業",3439,1574155889,457736.52
201608,"09服務業",23798,3192728914,134159.55
201608,"10營建業",20132,2454855898,121938.00
201608,"11投資業",14,45105225,3221801.79
201608,"12金融保險業",2965,880584632,296993.13
201608,"13其他",178,69528703,390610.69
201609,"01民生必需品製造業",6996,652764902,93305.45
201609,"02金屬製造業",9109,706442439,77554.34
201609,"03非金屬製造業",6815,1553581163,227964.95
201609,"04紙印刷業",1886,117879716,62502.50
201609,"05器械業",10227,833775426,81526.88
201609,"06批發業",41128,1325486525,32228.32
201609,"07零售業",8503,361650931,42532.16
201609,"08電子製造業",3446,1548464265,449351.21
201609,"09服務業",23880,3228439318,135194.28
201609,"10營建業",20165,2451867211,121590.24
201609,"11投資業",13,44972754,3459442.62
201609,"12金融保險業",2970,890592829,299862.91
201609,"13其他",174,65440582,376095.30
201610,"01民生必需品製造業",7050,631552525,89581.92
201610,"02金屬製造業",9156,706247334,77134.92
201610,"03非金屬製造業",6814,1538218475,225743.83
201610,"04紙印刷業",1889,118346069,62650.12
201610,"05器械業",10303,847962326,82302.47
201610,"06批發業",41120,1330918548,32366.70
201610,"07零售業",8505,360577632,42395.96
201610,"08電子製造業",3435,1550716709,451445.91
201610,"09服務業",23576,3222049119,136666.49
201610,"10營建業",20277,2465647395,121598.23
201610,"11投資業",13,45003751,3461827.00
201610,"12金融保險業",2962,882279026,297865.98
201610,"13其他",171,64927306,379691.85
201611,"01民生必需品製造業",7137,634885311,88956.89
201611,"02金屬製造業",9255,720350718,77833.68
201611,"03非金屬製造業",6832,1538181181,225143.62
201611,"04紙印刷業",1963,118367234,60299.15
201611,"05器械業",10342,857166889,82882.12
201611,"06批發業",40902,1332503364,32577.95
201611,"07零售業",8577,364230721,42465.98
201611,"08電子製造業",3438,1594226663,463707.58
201611,"09服務業",23405,3132880235,133855.17
201611,"10營建業",20464,2479635411,121170.61
201611,"11投資業",13,44379551,3413811.62
201611,"12金融保險業",3032,902396859,297624.29
201611,"13其他",170,61861253,363889.72
201612,"01民生必需品製造業",7188,661811640,92071.74
201612,"02金屬製造業",9329,745915967,79956.69
201612,"03非金屬製造業",6951,1537696220,221219.42
201612,"04紙印刷業",1972,120165630,60935.92
201612,"05器械業",10428,849891849,81500.94
201612,"06批發業",41062,1328124271,32344.36
201612,"07零售業",8614,365140255,42389.16
201612,"08電子製造業",3426,1619761266,472784.96
201612,"09服務業",23437,3138985761,133932.92
201612,"10營建業",20622,2498422878,121153.28
201612,"11投資業",12,43802050,3650170.83
201612,"12金融保險業",3089,916761483,296782.61
201612,"13其他",168,41681323,248103.11
201701,"01民生必需品製造業",7153,646289233,90352.19
201701,"02金屬製造業",9236,737238470,79822.27
201701,"03非金屬製造業",6868,1518553015,221105.56
201701,"04紙印刷業",1956,120637370,61675.55
201701,"05器械業",10358,861926164,83213.57
201701,"06批發業",41021,1344230444,32769.32
201701,"07零售業",8534,364788977,42745.37
201701,"08電子製造業",3394,1586278156,467377.18
201701,"09服務業",23273,3242223243,139312.65
201701,"10營建業",20569,2515494858,122295.44
201701,"11投資業",9,24923402,2769266.89
201701,"12金融保險業",3116,899271207,288597.95
201701,"13其他",275,44412340,161499.42
201702,"01民生必需品製造業",7157,651807239,91072.69
201702,"02金屬製造業",9258,732398776,79109.83
201702,"03非金屬製造業",6877,1508307137,219326.32
201702,"04紙印刷業",1964,121338152,61781.14
201702,"05器械業",10379,868208727,83650.52
201702,"06批發業",41062,1324191950,32248.60
201702,"07零售業",8570,364746391,42560.84
201702,"08電子製造業",3375,1599494188,473924.20
201702,"09服務業",23258,3284433079,141217.35
201702,"10營建業",20602,2518024931,122222.35
201702,"11投資業",11,28215902,2565082.00
201702,"12金融保險業",3126,900430581,288045.61
201702,"13其他",180,29714580,165081.00
201703,"01民生必需品製造業",7169,667994477,93178.19
201703,"02金屬製造業",9296,737769426,79364.18
201703,"03非金屬製造業",6904,1522705211,220554.06
201703,"04紙印刷業",1967,122249366,62150.16
201703,"05器械業",10466,869863696,83113.29
201703,"06批發業",41272,1327546987,32165.80
201703,"07零售業",8482,359772049,42415.95
201703,"08電子製造業",3355,1554898902,463457.20
201703,"09服務業",23289,3221194692,138314.00
201703,"10營建業",20749,2528999192,121885.35
201703,"11投資業",9,25181902,2797989.11
201703,"12金融保險業",3139,959266592,305596.24
201703,"13其他",178,29550962,166016.64
201704,"01民生必需品製造業",7153,652663436,91243.32
201704,"02金屬製造業",9294,738735410,79485.20
201704,"03非金屬製造業",6899,1486162379,215417.07
201704,"04紙印刷業",1976,123661776,62581.87
201704,"05器械業",10459,869415472,83126.06
201704,"06批發業",41325,1339254242,32407.85
201704,"07零售業",8502,360099933,42354.73
201704,"08電子製造業",3348,1605757171,479616.84
201704,"09服務業",23295,3247831120,139421.81
201704,"10營建業",20762,2525434140,121637.32
201704,"11投資業",9,25127272,2791919.11
201704,"12金融保險業",3187,957845449,300547.68
201704,"13其他",180,29477602,163764.46
201705,"01民生必需品製造業",7167,657479350,91737.04
201705,"02金屬製造業",9372,744579441,79447.23
201705,"03非金屬製造業",6930,1522478228,219693.83
201705,"04紙印刷業",1983,127752278,64423.74
201705,"05器械業",10480,884816214,84429.03
201705,"06批發業",41425,1355124132,32712.71
201705,"07零售業",8530,361504251,42380.33
201705,"08電子製造業",3356,1586881965,472849.21
201705,"09服務業",23318,3172684094,136061.59
201705,"10營建業",20858,2519165559,120776.95
201705,"11投資業",10,66548907,6654890.70
201705,"12金融保險業",3242,926003085,285627.11
201705,"13其他",176,32833453,186553.71
201706,"01民生必需品製造業",7238,714621928,98731.96
201706,"02金屬製造業",9376,758506667,80898.75
201706,"03非金屬製造業",6917,1508370899,218067.21
201706,"04紙印刷業",1983,129516530,65313.43
201706,"05器械業",10550,881133402,83519.75
201706,"06批發業",41472,1328446411,32032.37
201706,"07零售業",8534,362356288,42460.31
201706,"08電子製造業",3314,1596661216,481792.76
201706,"09服務業",23341,3056677053,130957.42
201706,"10營建業",20949,2542471075,121364.79
201706,"11投資業",11,67675563,6152323.91
201706,"12金融保險業",3265,920217968,281843.18
201706,"13其他",178,31690302,178035.40
201707,"01民生必需品製造業",7292,683270803,93701.43
201707,"02金屬製造業",9356,757327766,80945.68
201707,"03非金屬製造業",6902,1478751119,214249.66
201707,"04紙印刷業",1981,127792313,64508.99
201707,"05器械業",10564,885436430,83816.40
201707,"06批發業",41496,1353802808,32624.90
201707,"07零售業",8550,363268279,42487.52
201707,"08電子製造業",3330,1645731200,494213.57
201707,"09服務業",23305,3101493555,133082.75
201707,"10營建業",20988,2558883150,121921.25
201707,"11投資業",10,67550452,6755045.20
201707,"12金融保險業",3264,901748507,276270.99
201707,"13其他",177,30926752,174727.41
201708,"01民生必需品製造業",7289,689441081,94586.51
201708,"02金屬製造業",9382,766097099,81656.05
201708,"03非金屬製造業",6904,1524665931,220838.05
201708,"04紙印刷業",1994,130665014,65529.09
201708,"05器械業",10584,906823303,85678.69
201708,"06批發業",41536,1366455977,32898.11
201708,"07零售業",8534,360920031,42292.01
201708,"08電子製造業",3326,1723085113,518065.28
201708,"09服務業",23300,3108211480,133399.63
201708,"10營建業",21120,2592739235,122762.27
201708,"11投資業",10,66202429,6620242.90
201708,"12金融保險業",3252,947439623,291340.60
201708,"13其他",173,28591017,165265.99
201709,"01民生必需品製造業",7329,714504133,97489.99
201709,"02金屬製造業",9426,775610380,82284.15
201709,"03非金屬製造業",6943,1517000174,218493.47
201709,"04紙印刷業",2013,130485285,64821.30
201709,"05器械業",10615,917083597,86395.06
201709,"06批發業",41659,1365653689,32781.72
201709,"07零售業",8550,345793242,40443.65
201709,"08電子製造業",3329,1799337422,540503.88
201709,"09服務業",23304,3114648014,133652.94
201709,"10營建業",21190,2627810145,124011.80
201709,"11投資業",10,66035195,6603519.50
201709,"12金融保險業",3269,908474783,277906.02
201709,"13其他",168,27351395,162805.92
201710,"01民生必需品製造業",7394,700725092,94769.42
201710,"02金屬製造業",9444,775420912,82107.25
201710,"03非金屬製造業",6944,1501915184,216289.63
201710,"04紙印刷業",2017,131210105,65052.11
201710,"05器械業",10624,936481152,88147.70
201710,"06批發業",41609,1375616707,33060.56
201710,"07零售業",8523,351746468,41270.26
201710,"08電子製造業",3321,1743711450,525056.14
201710,"09服務業",23242,3128374641,134600.06
201710,"10營建業",21246,2638001047,124164.60
201710,"11投資業",11,66288887,6026262.45
201710,"12金融保險業",3268,894525652,273722.66
201710,"13其他",158,26656481,168711.91
201711,"01民生必需品製造業",7422,694904128,93627.61
201711,"02金屬製造業",9433,780401792,82731.03
201711,"03非金屬製造業",6997,1500530423,214453.40
201711,"04紙印刷業",2019,129280573,64031.98
201711,"05器械業",10641,954897389,89737.56
201711,"06批發業",41731,1383297426,33147.96
201711,"07零售業",8535,351743136,41211.85
201711,"08電子製造業",3302,1777147318,538203.31
201711,"09服務業",23265,3082461265,132493.50
201711,"10營建業",21351,2654895331,124345.25
201711,"11投資業",10,65864782,6586478.20
201711,"12金融保險業",3304,906405022,274335.66
201711,"13其他",155,25402623,163887.89
201712,"01民生必需品製造業",7458,725004388,97211.64
201712,"02金屬製造業",9519,797301051,83758.91
201712,"03非金屬製造業",7059,1481435328,209864.76
201712,"04紙印刷業",2030,129520328,63803.12
201712,"05器械業",10732,932885071,86925.56
201712,"06批發業",41837,1369203551,32727.10
201712,"07零售業",8502,347239605,40842.11
201712,"08電子製造業",3338,1714790899,513718.06
201712,"09服務業",23268,3051682946,131153.64
201712,"10營建業",21494,2695480675,125406.19
201712,"11投資業",11,85234013,7748546.64
201712,"12金融保險業",3377,916877896,271506.63
201712,"13其他",152,22373955,147197.07
201801,"01民生必需品製造業",7325,710849780,97044.34
201801,"02金屬製造業",9438,782212513,82879.05
201801,"03非金屬製造業",7026,1463494165,208296.92
201801,"04紙印刷業",2015,129757889,64395.97
201801,"05器械業",10673,943424153,88393.53
201801,"06批發業",41805,1370982011,32794.69
201801,"07零售業",8453,339109182,40117.02
201801,"08電子製造業",3299,1581434705,479367.90
201801,"09服務業",23093,3143045141,136103.80
201801,"10營建業",21553,2668940546,123831.51
201801,"11投資業",13,85178624,6552201.85
201801,"12金融保險業",3350,998037441,297921.62
201801,"13其他",156,22177187,142161.46
201802,"01民生必需品製造業",7318,706615292,96558.53
201802,"02金屬製造業",9416,780284217,82867.91
201802,"03非金屬製造業",7025,1483043288,211109.36
201802,"04紙印刷業",2019,131131400,64948.69
201802,"05器械業",10686,958811991,89726.00
201802,"06批發業",41886,1393650112,33272.46
201802,"07零售業",8444,346388085,41021.80
201802,"08電子製造業",3296,1564933581,474797.81
201802,"09服務業",23058,3211188666,139265.71
201802,"10營建業",21575,2679113157,124176.74
201802,"11投資業",12,84757804,7063150.33
201802,"12金融保險業",3364,990153912,294338.26
201802,"13其他",151,22174888,146853.56
201803,"01民生必需品製造業",7335,731173835,99682.87
201803,"02金屬製造業",9439,780737535,82714.01
201803,"03非金屬製造業",7071,1488463956,210502.61
201803,"04紙印刷業",2016,130410768,64687.88
201803,"05器械業",10722,964576915,89962.41
201803,"06批發業",41889,1381028443,32968.76
201803,"07零售業",8456,345177168,40820.38
201803,"08電子製造業",3308,1605342937,485291.09
201803,"09服務業",23033,3263764503,141699.50
201803,"10營建業",21736,2696873452,124074.05
201803,"11投資業",14,84466138,6033295.57
201803,"12金融保險業",3393,1013868856,298811.92
201803,"13其他",150,15113698,100757.99
201804,"01民生必需品製造業",7338,714846077,97417.02
201804,"02金屬製造業",9490,783301289,82539.65
201804,"03非金屬製造業",7089,1481300271,208957.58
201804,"04紙印刷業",2017,130577390,64738.42
201804,"05器械業",10714,974216656,90929.31
201804,"06批發業",41814,1402650868,33545.01
201804,"07零售業",8468,343268948,40537.19
201804,"08電子製造業",3280,1538131107,468942.41
201804,"09服務業",23000,3243307456,141013.37
201804,"10營建業",21847,2717876987,124405.04
201804,"11投資業",15,89854258,5990283.87
201804,"12金融保險業",3420,1012752046,296126.33
201804,"13其他",144,15084908,104756.31
201805,"01民生必需品製造業",7337,715385769,97503.85
201805,"02金屬製造業",9522,790975463,83068.21
201805,"03非金屬製造業",7097,1506850546,212322.18
201805,"04紙印刷業",2014,128591127,63848.62
201805,"05器械業",10735,982426320,91516.19
201805,"06批發業",41859,1426292900,34073.75
201805,"07零售業",8452,335938733,39746.66
201805,"08電子製造業",3269,1698732055,519648.84
201805,"09服務業",23038,3107950325,134905.39
201805,"10營建業",21967,2737175132,124603.96
201805,"11投資業",18,174101798,9672322.11
201805,"12金融保險業",3462,1007721763,291080.81
201805,"13其他",149,15088257,101263.47
201806,"01民生必需品製造業",7349,742365454,101015.85
201806,"02金屬製造業",9547,806111143,84436.07
201806,"03非金屬製造業",7142,1556371884,217918.21
201806,"04紙印刷業",2018,128281025,63568.40
201806,"05器械業",10718,969841948,90487.21
201806,"06批發業",41878,1414405071,33774.42
201806,"07零售業",8466,347333851,41026.91
201806,"08電子製造業",3250,1750265616,538543.27
201806,"09服務業",23057,2990277993,129690.68
201806,"10營建業",22136,2768397821,125063.15
201806,"11投資業",18,154480827,8582268.17
201806,"12金融保險業",3480,1061345826,304984.43
201806,"13其他",143,7057370,49352.24
201807,"01民生必需品製造業",7362,719326979,97708.09
201807,"02金屬製造業",9540,811392802,85051.66
201807,"03非金屬製造業",7163,1545383949,215745.35
201807,"04紙印刷業",2021,129772876,64212.21
201807,"05器械業",10667,974254517,91333.51
201807,"06批發業",41873,1430730202,34168.32
201807,"07零售業",8463,344820132,40744.43
201807,"08電子製造業",3245,1680069085,517740.86
201807,"09服務業",22959,2961538105,128992.47
201807,"10營建業",22242,2780077268,124992.23
201807,"11投資業",19,149516443,7869286.47
201807,"12金融保險業",3482,1013098539,290953.06
201807,"13其他",142,7033507,49531.74
201808,"01民生必需品製造業",7380,731165729,99073.95
201808,"02金屬製造業",9535,815883392,85567.21
201808,"03非金屬製造業",7167,1593147981,222289.38
201808,"04紙印刷業",2013,128295109,63733.29
201808,"05器械業",10652,991539603,93084.83
201808,"06批發業",41907,1435956890,34265.32
201808,"07零售業",8508,348618048,40975.32
201808,"08電子製造業",3241,1843722912,568874.70
201808,"09服務業",22963,2945523886,128272.61
201808,"10營建業",22340,2802448553,125445.32
201808,"11投資業",19,149285132,7857112.21
201808,"12金融保險業",3482,966784182,277651.98
201808,"13其他",141,7013378,49740.27
201809,"01民生必需品製造業",7386,756728554,102454.45
201809,"02金屬製造業",9544,822520235,86181.92
201809,"03非金屬製造業",7176,1587208962,221182.97
201809,"04紙印刷業",2016,128158981,63570.92
201809,"05器械業",10660,994090690,93254.29
201809,"06批發業",41871,1442296067,34446.18
201809,"07零售業",8545,355740808,41631.46
201809,"08電子製造業",3242,1879748175,579811.28
201809,"09服務業",23025,2953617401,128278.71
201809,"10營建業",22482,2836459454,126165.80
201809,"11投資業",20,149500378,7475018.90
201809,"12金融保險業",3502,991204897,283039.66
201809,"13其他",138,6705770,48592.54
201810,"01民生必需品製造業",7350,744973298,101356.91
201810,"02金屬製造業",9554,830786573,86956.94
201810,"03非金屬製造業",7195,1561315599,217000.08
201810,"04紙印刷業",2015,125827008,62445.17
201810,"05器械業",10675,995209234,93228.03
201810,"06批發業",41885,1456603434,34776.25
201810,"07零售業",8582,348021704,40552.52
201810,"08電子製造業",3233,1764355682,545733.28
201810,"09服務業",23036,2996755932,130090.12
201810,"10營建業",22660,2882852995,127222.11
201810,"11投資業",22,140603241,6391056.41
201810,"12金融保險業",3510,983073027,280077.79
201810,"13其他",135,7085068,52481.99
201811,"01民生必需品製造業",7350,748273713,101805.95
201811,"02金屬製造業",9585,835146811,87130.60
201811,"03非金屬製造業",7226,1579663825,218608.33
201811,"04紙印刷業",2024,126844446,62670.18
201811,"05器械業",10683,1002453267,93836.31
201811,"06批發業",41972,1455870548,34686.71
201811,"07零售業",8590,346751763,40366.91
201811,"08電子製造業",3241,1904293279,587563.49
201811,"09服務業",23040,2984545562,129537.57
201811,"10營建業",22791,2896142640,127073.96
201811,"11投資業",24,140771876,5865494.83
201811,"12金融保險業",3536,1004501750,284078.55
201811,"13其他",134,6917612,51623.97
201812,"01民生必需品製造業",7384,765074846,103612.52
201812,"02金屬製造業",9662,827171204,85610.76
201812,"03非金屬製造業",7301,1587423636,217425.51
201812,"04紙印刷業",2034,127534346,62701.25
201812,"05器械業",10765,993132671,92255.71
201812,"06批發業",42046,1437608156,34191.32
201812,"07零售業",8609,341755187,39697.43
201812,"08電子製造業",3231,1809116200,559924.54
201812,"09服務業",23051,3014856663,130790.71
201812,"10營建業",23026,2926421553,127092.05
201812,"11投資業",24,139882078,5828419.92
201812,"12金融保險業",3595,1025334050,285211.14
201812,"13其他",132,6918466,52412.62
201901,"01民生必需品製造業",7323,752436462,102749.76
201901,"02金屬製造業",9582,824818938,86080.04
201901,"03非金屬製造業",7277,1586942437,218076.47
201901,"04紙印刷業",2039,127058658,62314.20
201901,"05器械業",10727,1006925936,93868.36
201901,"06批發業",41990,1442024789,34342.10
201901,"07零售業",8549,338336704,39576.17
201901,"08電子製造業",3198,1786528684,558639.36
201901,"09服務業",23029,3169023664,137610.13
201901,"10營建業",23114,2956545515,127911.46
201901,"11投資業",21,167476890,7975090.00
201901,"12金融保險業",3592,1034787988,288081.29
201901,"13其他",134,5222232,38971.88

